_ is my way of giving back to the community.,1
_. Is my way of giving back to the community.,1
A Hollywood remake of 2 girls 1 cup should star _ as the cup.,1
A Hollywood remake of 2 Girls 1 Cup should star _ as the cup.,1
"And for my final wish Genie, I want you to make me the master of _.",1
"And for my final wish, Genie, I want you to make me the master of _.",1
"As a huge fan of 50 Shades of Gray I'm a bit disappointed with the film's casting, I've always pictured _ as Gray.",1
"As a huge fan of 50 Shades of Grey, I'm a bit disappointed with the film's casting. I've always pictured _ as Grey.",1
Baby got _.,1
Colleges should really start offering classes in _.,1
"Dear Allah, if I promise to stop _ will you let me into heaven and give me 72 virgins?",1
"Dear Allah, if I promise to stop _, will you let me into Heaven and give me 72 virgins?",1
Don't get me wrong I think what Hitler did and stood for is horrible but you have to admit he was was spot on about _.,1
"Don't get me wrong. I think what Hitler did and stood for is horrible, but you have to admit he was was spot on about _.",1
Girls just wanna have _.,1
"Google recently changed its corporate slogan from ""Don't be Evil"" to _.",1
"Google recently changed its corporate slogan from ""Don't Be Evil"" to _.",1
Growing up I didn't have many friends. Kids always teased me about my fascination with _.,1
Growing up I didn't have many friends. Kids always teased me for my fascination with _.,1
Hallelujah it's raining _.,1
"Hallelujah, it's raining _.",1
"I didn't want to tell it to her face, but her baby reminds me of _.",1
I didn't want to tell it to their faces but their baby reminds me of _.,1
"I expected it would suck but the opposite happened. ""_: The Movie"" is now officially my favorite movie ever.",1
"I expected it would suck, but the opposite happened. ""_: The Movie"" is now officially my favorite movie ever.",1
"I gave my girlfriend _ last Valentine's Day. Now I cry myself to sleep every night, all alone in my cold hard bed.",1
I hate it when I take a girl home and find out she has _ where a vagina should be.,1
I hate it when I take a girl home and find out she has _ where should be a vagina.,1
"I knew it meant trouble when I heard a voice scream ""_!"" mid flight. And unfortunately I was right.",1
"I knew it meant trouble when I heard a voice scream ""_!"" mid-flight. And unfortunately I was right.",1
I love the smell of _ in the morning.,1
I really miss the good old days when men were men and _ could not vote.,1
"I would move heaven and earth, I would split the ocean, even _ would not be able to stop me from being with you my love.",1
"I would move heaven and earth, I would split the ocean, even _ would not be able to stop me from being with you, my love.",1
I'd rather stick my dick in _ than _.,2
I'd rather stick my dick in _ then _.,2
I'm afraid the only way to exorcise this demon is by _.,1
In a riveting speech Ghandi convinced his followers of the virtues of _.,1
"In a riveting speech, Gandhi convinced his followers of the virtues of _.",1
In the next Marvel movie we will witness _ take on _ for world domination.,2
"Instead of waterboarding Guantanamo Bay prisoners now have to endure _, sometimes for hours on end.",1
"Instead of waterboarding, Guantanamo Bay prisoners now have to endure _, sometimes for hours on end.",1
"Last night my husband and I invited _ over for a threesome. How YOLO of us, right?",1
"Remember every time you think of _, The Lord kills _.",2
"Remember, every time you think of _, The Lord kills _.",2
"Sir, for the last time. We simply do not allow _ in here. You will have to find another establishment.",1
"Siri, what is the meaning of life?",1
"So happy the doctor was able to get _ out. Next time I'll be more careful with what I put up my butt, lol! #neveragain.",1
"So happy the doctor was able to get _ out. Next time I'll definitely be more careful with what I put up my butt, lol! #neveragain.",1
So you're telling me we can land a man on the moon but _ is out of the question?,1
"So you're telling me we can land a man on the moon, but _ is out of the question?",1
Suzy if you don't eat your food and keep misbehaving _ will come and get you.,1
"Suzy, if you don't eat your food and keep misbehaving, _ will come and get you.",1
The only thing worse than _ is _.,2
The only thing worse then _ is _.,2
There is abundant scientific evidence that for some people vaccination might lead to _ later in life.,1
"Tonight on the ""No Spin Zone!"" Bill O'Riley will be debating _ on the topic of _.",2
Tonight on the No Spin Zone! Bill O'Reilly will be debating _ on the topic of _.,2
What caused those smelly stains in my underwear?,1
What's holding you back from achieving your dreams?,1
What's the absolute last thing you want to catch your Dad doing?,1
When she was little my sister could not pronounce my name correctly so she called me _ instead. It has stuck ever since.,1
"When she was little, my sister could not pronounce my name correctly, so she called me _ instead. It has stuck ever since.",1
You get _! You get _! You get _! You get _! You get _! You get _! You get _! You get _! You get _! Everybody gets _!,PICK 1
You get _! You get _! You get _! You get _! You get _! You get _! You get _! You get _! You get _! Everybody gets _!!!,PICK 1
