_ be all like _.,2
_: Brought to you by _.,2
Art isn’t just a painting in a stuffy museum. Art is alive. Art is _.,1
"As reparations for slavery, all African Americans will receive _.",1
"As Teddy Roosevelt said, the four manly virtues are honor, temperance, industry, and _.",1
"Best you go back where you came from, now. We don’t take too kindly to _ in these parts.",1
CNN breaking news! Scientists discover _.,1
"Coming to Red Lobster® this month, _.",1
"Congratulations! You have been selected for our summer internship program. While we are unable to offer a salary, we can offer you _.",1
"Dance like there’s nobody watching, love like you’ll never be hurt, and live like you’re _.",1
Errbody in the club _.,1
Feeling so grateful! #amazing #mylife #_.,1
Girls just wanna have _.,1
Google Calendar alert: _ in 10 minutes.,1
I don’t believe in God. I believe in _.,1
"I got rhythm, I’ve got music, I’ve got _. Who could ask for anything more?",1
"I may not be much to look at, but I fuck like _.",1
"I tell you, it was a non-stop fuckfest. When it was over, my asshole looked like _.",1
I’ll take the BBQ bacon burger with friend egg and fuck it how about _.,1
"I’m sorry, sir, but your insurance plan doesn’t cover injuries caused by _.",1
"I’ve had a horrible vision, father. I saw mountains crumbling, stars falling from the sky. I saw _.",1
"If at first you don’t succeed, try _.",1
"In the 1950s, psychologists prescribed _ as a cure for homosexuality.",1
LSD + _ = really bad time.,1
Mom’s to-do list:<br> * Buy Groceries<br> * Clean up _.<br> * Soccer Practice.,1
Most Americans would not vote for a candidate who is openly _.,1
"No, no, no, no, no, no, NO! I will NOT let _ ruin this wedding.",1
"Oh no! Siri, how do I fix _?",1
One more thing. Watch out for Big Mike. They say he killed a man with _.,1
"Ooo, daddy like _.",1
"Poor Brandon, still living in his parent’s basement. I heard he never got over _.",1
"Run, run, as fast as you can! You can’t catch me, I’m _!",1
"She’s a lady in the streets, _ in the sheets.",1
"She’s just one of the guys, you know? She likes beer, and football, and _.",1
"Son, take it from someone who’s been around the block a few times. Nothin’ puts her in the mood like _.",1
"Summer lovin’, had me a blast. _, happened so fast.",1
The top Google auto-complete results for “Barack Obama”:<br>Barack Obama Height.<br>Barack Obama net worth.<br>Barack Obama _.,1
"Then the princess kissed the frog, and all of a sudden the frog was _!",1
There is no God. It’s just _ and then you die.,1
"This Friday at the Liquid Lunge, it’s _ Night! Ladies drink free.",1
We do not shake with our left hands in this country. That is the hand we use for _.,1
"Well if _ is a crime, then lock me up!",1
"Well, shit. My eyes ain’t so good, but I’ll eat my own boot if that ain’t _!",1
What are all those whales singing about?,1
What sucks balls?,1
What totally destroyed my asshole?,1
What turned me into a Republican?,1
What will end racism once and for all?,1
What’s a total waste of Hillary Clinton’s time?,1
What’s about to take dance floor to the next level?,1
What’s the gayest?,1
What’s the most problematic?,1
Why am I laughing and crying and taking off my clothes?,1
"With a one-time gift of just $10, you can save this child from _.",1
You know who else liked _? Hitler.,1
You won’t believe what’s in my pussy. It’s _.,1
