_. The breakfast of champions.,1
_. The happiest place on earth.,1
_. The taste of paradise.,1
All compromise is based on give and take. But there can be no give and take on _.,1
And all because the lady loves _.,1
"As far back as I can remember, I always wanted to be _.",1
Don't try teaching your Grandma to _.,1
"During the sexual discrimination tribunal, I couldn't help noticing the female prosecutor's impressive _.",1
Genius is 1% inspiration and 99% _.,1
Here's a fact that might surprise you. _ is caused by _ and often leads to _.,3
Hey kids! Did you know that combining _ with _ is great for relieving _.,3
Holy crap?! I've just realized that my super-power causes _ to _.,2
How was the universe really created?,1
"I managed to avoid _, all thanks to _.",2
I'm thankful to God for creating _ that love the taste of _.,2
"If _ is wrong, I don't want to be right.",1
It takes both _ and _ to snatch victory from the jaws of defeat.,2
"Last night, I used _ as lube. It didn't end well.",1
My scared oath has sworn me to protect _ from both _ and _.,3
Nature abhors _.,1
"No pain, no _.",1
Nothing is certain but death and _.,1
"On my signal, unleash _.",1
"Statsically speaking, 9 out of 10 people enjoy _.",1
Test subject 37 will be the world's most deadly predator thanks to successfully combining _ with _.,2
The problem with society today is _ and their goddamn _.,2
The true art of seduction lies in using _ and _ in a way that ensures _.,3
There are two things I hate. Racism and _.,1
"They may take our lives, but they will never take our _.",1
This ancient Egyptian scroll contains one of the fundamental truths of life: _ cannot flourish without _.,2
What was the last thing I Googled?,1
Why do I always feel tired?,1
